-- INSERT INTO STUDENT TABLE 

INSERT INTO STUDENT (StudentID, FirstName, LastName, BirthDate, Address, Email, Year)
VALUES (1, 'Cherifa', 'Haddad', TO_DATE('22/10/2005', 'DD/MM/YYYY'), 'city 1024 Logts, Djenane Sfari, Alger', 'cherifa.haddad@ensia.edu.dz', 1);

INSERT INTO STUDENT (StudentID, FirstName, LastName, BirthDate, Address, Email, Year)
VALUES (2, 'Amina', 'Larbi', TO_DATE('13/12/2006', 'DD/MM/YYYY'), 'city 2000 Logts, Ain Naadja, Alger', 'amina.larbi@ensia.edu.dz', 1);

INSERT INTO STUDENT (StudentID, FirstName, LastName, BirthDate, Address, Email, Year)
VALUES (3, 'Hayat', 'Ouali', TO_DATE('04/11/2005', 'DD/MM/YYYY'), 'city 3000 Logts, Bach Djerrah, Alger', 'hayat.ouali@ensia.edu.dz', 1);

INSERT INTO STUDENT (StudentID, FirstName, LastName, BirthDate, Address, Email, Year)
VALUES (4, 'Leila', 'Ait Aoudia', TO_DATE('11/04/2004', 'DD/MM/YYYY'), 'city 1000 Logts, Belle Vue, Alger', 'leila.aitaoudia@ensia.edu.dz', 2);

INSERT INTO STUDENT (StudentID, FirstName, LastName, BirthDate, Address, Email, Year)
VALUES (5, 'Farah', 'Zidani', TO_DATE('12/06/2004', 'DD/MM/YYYY'), 'city 100 Logts, Jolie Vue, Alger', 'farah.zidani@ensia.edu.dz', 2);

INSERT INTO STUDENT (StudentID, FirstName, LastName, BirthDate, Address, Email, Year)
VALUES (6, 'Nesrine', 'Oukali', TO_DATE('28/07/2004', 'DD/MM/YYYY'), 'city 200 Logts, Rue Hassiba, Alger', 'nesrine.oukali@ensia.edu.dz', 2);

INSERT INTO STUDENT (StudentID, FirstName, LastName, BirthDate, Address, Email, Year)
VALUES (7, 'Lamisse', 'Chaabane', TO_DATE('15/03/2003', 'DD/MM/YYYY'), 'city 301 Logts, Belle Court, Alger', 'lamisse.chaabane@ensia.edu.dz', 3);

INSERT INTO STUDENT (StudentID, FirstName, LastName, BirthDate, Address, Email, Year)
VALUES (8, 'Sabrina', 'Ben Aissi', TO_DATE('23/03/2004', 'DD/MM/YYYY'), 'city 2030 Logts, Ben Aknoun, Alger', 'sabrina.benaissi@ensia.edu.dz', 2);

INSERT INTO STUDENT (StudentID, FirstName, LastName, BirthDate, Address, Email, Year)
VALUES (9, 'Zahra', 'Saoudi', TO_DATE('17/02/2006', 'DD/MM/YYYY'), 'city 190 Logts, Bir Khadem, Alger', 'zahra.saoudi@ensia.edu.dz', 1);

INSERT INTO STUDENT (StudentID, FirstName, LastName, BirthDate, Address, Email, Year)
VALUES (10, 'Wardia', 'Khaldi', TO_DATE('06/05/2003', 'DD/MM/YYYY'), 'city 1024 Logts, Sidi Abdellah, Alger', 'wardia.khaldi@ensia.edu.dz', 3);

INSERT INTO STUDENT (StudentID, FirstName, LastName, BirthDate, Address, Email, Year)
VALUES (11, 'Narjis', 'Merabet', TO_DATE('05/11/2003', 'DD/MM/YYYY'), 'city 2000 Logts, El Harrache, Alger', 'narjis.merabet@ensia.edu.dz', 3);

INSERT INTO STUDENT (StudentID, FirstName, LastName, BirthDate, Address, Email, Year)
VALUES (12, 'Douaa', 'Jdid', TO_DATE('11/09/2004', 'DD/MM/YYYY'), 'city 3000 Logts, Hay El Badr, Alger', 'douaa.jdid@ensia.edu.dz', 2);

INSERT INTO STUDENT (StudentID, FirstName, LastName, BirthDate, Address, Email, Year)
VALUES (13, 'Dina', 'Mendes', TO_DATE('09/08/2004', 'DD/MM/YYYY'), 'city 1000 Logts, Mer et Soleil, Alger', 'dina.mendes@ensia.edu.dz', 2);

INSERT INTO STUDENT (StudentID, FirstName, LastName, BirthDate, Address, Email, Year)
VALUES (14, 'Khawla', 'Ben Ali', TO_DATE('14/06/2006', 'DD/MM/YYYY'), 'city 100 Logts, Les Fusiliers, Alger', 'khawla.benali@ensia.edu.dz', 1);

INSERT INTO STUDENT (StudentID, FirstName, LastName, BirthDate, Address, Email, Year)
VALUES (15, 'Ibtissam', 'Bouklioua', TO_DATE('17/05/2004', 'DD/MM/YYYY'), 'city 200 Logts, Aisset Idir, Alger', 'ibtissam.bouklioua@ensia.edu.dz', 2);

INSERT INTO STUDENT (StudentID, FirstName, LastName, BirthDate, Address, Email, Year)
VALUES (16, 'Sajida', 'Derbane', TO_DATE('26/12/2003', 'DD/MM/YYYY'), 'city 1024 Logts, Djenane Sfari, Alger', 'sajida.derbane@ensia.edu.dz', 3);

INSERT INTO STUDENT (StudentID, FirstName, LastName, BirthDate, Address, Email, Year)
VALUES (17, 'Abdelfattah', 'Ait Mokhtar', TO_DATE('29/01/2005', 'DD/MM/YYYY'), 'city 2000 Logts, Ain Naadja, Alger', 'abdelfattah.aitmokhtar@ensia.edu.dz', 1);

INSERT INTO STUDENT (StudentID, FirstName, LastName, BirthDate, Address, Email, Year)
VALUES (18, 'Tahar', 'Amrane', TO_DATE('19/04/2004', 'DD/MM/YYYY'), 'city 3000 Logts, Bach Djerrah, Alger', 'tahar.amrane@ensia.edu.dz', 2);

INSERT INTO STUDENT (StudentID, FirstName, LastName, BirthDate, Address, Email, Year)
VALUES (19, 'Ali', 'Ben Chikh', TO_DATE('01/01/2004', 'DD/MM/YYYY'), 'city 1000 Logts, Belle Vue, Alger', 'ali.benchikh@ensia.edu.dz', 2);

INSERT INTO STUDENT (StudentID, FirstName, LastName, BirthDate, Address, Email, Year)
VALUES (20, 'Hicham', 'Bennour', TO_DATE('08/10/2006', 'DD/MM/YYYY'), 'city 100 Logts, Jolie Vue, Alger', 'hicham.bennour@ensia.edu.dz', 1);

INSERT INTO STUDENT (StudentID, FirstName, LastName, BirthDate, Address, Email, Year)
VALUES (21, 'Mustafa', 'Ben Yattou', TO_DATE('04/01/2003', 'DD/MM/YYYY'), 'city 190 Logts, Bir Khadem, Alger', 'mustafa.benyattou@ensia.edu.dz', 3);

INSERT INTO STUDENT (StudentID, FirstName, LastName, BirthDate, Address, Email, Year)
VALUES (22, 'Adem', 'Laichi', TO_DATE('29/12/2004', 'DD/MM/YYYY'), 'city 1024 Logts, Sidi Abdellah, Alger', 'adem.laichi@ensia.edu.dz', 2);

INSERT INTO STUDENT (StudentID, FirstName, LastName, BirthDate, Address, Email, Year)
VALUES (23, 'Mohamed', 'Kadourri', TO_DATE('01/01/2005', 'DD/MM/YYYY'), 'city 2000 Logts, El Harrache, Alger', 'mohamed.kadourri@ensia.edu.dz', 1);

INSERT INTO STUDENT (StudentID, FirstName, LastName, BirthDate, Address, Email, Year)
VALUES (24, 'Aymen', 'Kadri', TO_DATE('12/13/2022', 'MM/DD/YYYY'), 'city 190 Logts, Bir Khadem, Alger', 'aymen.kadri@ensia.edu.dz', 2);



-- INSERT INTO student COURSE
 
INSERT INTO COURSE (CourseID, CourseName, CourseCoef, CourseCredits)
VALUES (1, 'Introduction to AI', 4, 6);

INSERT INTO COURSE (CourseID, CourseName, CourseCoef, CourseCredits)
VALUES (2, 'Data Structures and Algorithms 1', 3, 6);

INSERT INTO COURSE (CourseID, CourseName, CourseCoef, CourseCredits)
VALUES (3, 'Data Structures and Algorithms 2', 4, 5);

INSERT INTO COURSE (CourseID, CourseName, CourseCoef, CourseCredits)
VALUES (4, 'Databases', 3, 5);

INSERT INTO COURSE (CourseID, CourseName, CourseCoef, CourseCredits)
VALUES (5, 'Digital systems', 3, 4);

INSERT INTO COURSE (CourseID, CourseName, CourseCoef, CourseCredits)
VALUES (6, 'ITE', 2, 4);

INSERT INTO COURSE (CourseID, CourseName, CourseCoef, CourseCredits)
VALUES (7, 'Computer and network security', 3, 5);

INSERT INTO COURSE (CourseID, CourseName, CourseCoef, CourseCredits)
VALUES (8, 'Probability', 2, 4);

INSERT INTO COURSE (CourseID, CourseName, CourseCoef, CourseCredits)
VALUES (9, 'Web Development', 2, 6);

INSERT INTO COURSE (CourseID, CourseName, CourseCoef, CourseCredits)
VALUES (10, 'Machine learning', 4, 6);

INSERT INTO COURSE (CourseID, CourseName, CourseCoef, CourseCredits)
VALUES (11, 'Maths 1', 3, 6);

INSERT INTO COURSE (CourseID, CourseName, CourseCoef, CourseCredits)
VALUES (12, 'Operating Systems', 3, 5);

INSERT INTO COURSE (CourseID, CourseName, CourseCoef, CourseCredits)
VALUES (13, 'Data mining', 4, 5);

INSERT INTO COURSE (CourseID, CourseName, CourseCoef, CourseCredits)
VALUES (14, 'Electronic Circuits', 1, 2);

INSERT INTO COURSE (CourseID, CourseName, CourseCoef, CourseCredits)
VALUES (15, 'Object oriented programming', 4, 6);

 


-- INSERT INTO ENROLLMENT TABLE 

INSERT INTO ENROLLMENT (StudentID, CourseID, EnrollmentDate, FinalMark)
VALUES (1, 2, TO_DATE('25/09/2023', 'DD/MM/YYYY'), NULL);

INSERT INTO ENROLLMENT (StudentID, CourseID, EnrollmentDate, FinalMark)
VALUES (2, 2, TO_DATE('26/09/2023', 'DD/MM/YYYY'), NULL);

INSERT INTO ENROLLMENT (StudentID, CourseID, EnrollmentDate, FinalMark)
VALUES (3, 11, TO_DATE('25/09/2023', 'DD/MM/YYYY'), NULL);

INSERT INTO ENROLLMENT (StudentID, CourseID, EnrollmentDate, FinalMark)
VALUES (9, 5, TO_DATE('28/09/2023', 'DD/MM/YYYY'), NULL);

INSERT INTO ENROLLMENT (StudentID, CourseID, EnrollmentDate, FinalMark)
VALUES (14, 11, TO_DATE('29/09/2023', 'DD/MM/YYYY'), NULL);

INSERT INTO ENROLLMENT (StudentID, CourseID, EnrollmentDate, FinalMark)
VALUES (17, 6, TO_DATE('25/09/2023', 'DD/MM/YYYY'), NULL);

INSERT INTO ENROLLMENT (StudentID, CourseID, EnrollmentDate, FinalMark)
VALUES (20, 15, TO_DATE('29/01/2024', 'DD/MM/YYYY'), NULL);

INSERT INTO ENROLLMENT (StudentID, CourseID, EnrollmentDate, FinalMark)
VALUES (23, 2, TO_DATE('24/09/2023', 'DD/MM/YYYY'), NULL);

INSERT INTO ENROLLMENT (StudentID, CourseID, EnrollmentDate, FinalMark)
VALUES (1, 11, TO_DATE('27/09/2023', 'DD/MM/YYYY'), NULL);

INSERT INTO ENROLLMENT (StudentID, CourseID, EnrollmentDate, FinalMark)
VALUES (2, 11, TO_DATE('26/09/2023', 'DD/MM/YYYY'), NULL);

INSERT INTO ENROLLMENT (StudentID, CourseID, EnrollmentDate, FinalMark)
VALUES (3, 5, TO_DATE('26/09/2023', 'DD/MM/YYYY'), NULL);

INSERT INTO ENROLLMENT (StudentID, CourseID, EnrollmentDate, FinalMark)
VALUES (9, 11, TO_DATE('25/09/2023', 'DD/MM/YYYY'), NULL);

INSERT INTO ENROLLMENT (StudentID, CourseID, EnrollmentDate, FinalMark)
VALUES (14, 6, TO_DATE('26/09/2023', 'DD/MM/YYYY'), NULL);

INSERT INTO ENROLLMENT (StudentID, CourseID, EnrollmentDate, FinalMark)
VALUES (17, 15, TO_DATE('28/01/2024', 'DD/MM/YYYY'), NULL);

INSERT INTO ENROLLMENT (StudentID, CourseID, EnrollmentDate, FinalMark)
VALUES (20, 2, TO_DATE('24/09/2023', 'DD/MM/YYYY'), NULL);

INSERT INTO ENROLLMENT (StudentID, CourseID, EnrollmentDate, FinalMark)
VALUES (23, 11, TO_DATE('24/09/2023', 'DD/MM/YYYY'), NULL);

INSERT INTO ENROLLMENT (StudentID, CourseID, EnrollmentDate, FinalMark)
VALUES (1, 15, TO_DATE('28/01/2024', 'DD/MM/YYYY'), NULL);

INSERT INTO ENROLLMENT (StudentID, CourseID, EnrollmentDate, FinalMark)
VALUES (2, 15, TO_DATE('25/09/2023', 'DD/MM/YYYY'), NULL);

INSERT INTO ENROLLMENT (StudentID, CourseID, EnrollmentDate, FinalMark)
VALUES (3, 6, TO_DATE('24/09/2023', 'DD/MM/YYYY'), NULL);

INSERT INTO ENROLLMENT (StudentID, CourseID, EnrollmentDate, FinalMark)
VALUES (5, 12, TO_DATE('29/01/2024', 'DD/MM/YYYY'), NULL);

INSERT INTO ENROLLMENT (StudentID, CourseID, EnrollmentDate, FinalMark)
VALUES (4, 1, TO_DATE('30/01/2024', 'DD/MM/YYYY',), NULL);

INSERT INTO ENROLLMENT (StudentID, CourseID, EnrollmentDate, FinalMark)
VALUES (6, 3, TO_DATE('27/09/2023', 'DD/MM/YYYY'), NULL);

INSERT INTO ENROLLMENT (StudentID, CourseID, EnrollmentDate, FinalMark)
VALUES (12, 14, TO_DATE('29/01/2024', 'DD/MM/YYYY'), NULL);

INSERT INTO ENROLLMENT (StudentID, CourseID, EnrollmentDate, FinalMark)
VALUES (8, 4, TO_DATE('28/09/2023', 'DD/MM/YYYY'), NULL);

INSERT INTO ENROLLMENT (StudentID, CourseID, EnrollmentDate, FinalMark)
VALUES (13, 8, TO_DATE('26/09/2023', 'DD/MM/YYYY'), NULL);

INSERT INTO ENROLLMENT (StudentID, CourseID, EnrollmentDate, FinalMark)
VALUES (15, 9, TO_DATE('24/09/2023', 'DD/MM/YYYY'), NULL);

INSERT INTO ENROLLMENT (StudentID, CourseID, EnrollmentDate, FinalMark)
VALUES (19, 12, TO_DATE('29/01/2024', 'DD/MM/YYYY'), NULL);

INSERT INTO ENROLLMENT (StudentID, CourseID, EnrollmentDate, FinalMark)
VALUES (5, 1, TO_DATE('04/02/2024', 'DD/MM/YYYY'), NULL);

INSERT INTO ENROLLMENT (StudentID, CourseID, EnrollmentDate, FinalMark)
VALUES (4, 3, TO_DATE('27/09/2023', 'DD/MM/YYYY'), NULL);

INSERT INTO ENROLLMENT (StudentID, CourseID, EnrollmentDate, FinalMark)
VALUES (6, 14, TO_DATE('28/01/2024', 'DD/MM/YYYY'), NULL);

INSERT INTO ENROLLMENT (StudentID, CourseID, EnrollmentDate, FinalMark)
VALUES (12, 4, TO_DATE('27/09/2023', 'DD/MM/YYYY'), NULL);

INSERT INTO ENROLLMENT (StudentID, CourseID, EnrollmentDate, FinalMark)
VALUES (13, 12, TO_DATE('29/01/2024', 'DD/MM/YYYY'), NULL);

INSERT INTO ENROLLMENT (StudentID, CourseID, EnrollmentDate, FinalMark)
VALUES (15, 8, TO_DATE('29/09/2023', 'DD/MM/YYYY'), NULL);

INSERT INTO ENROLLMENT (StudentID, CourseID, EnrollmentDate, FinalMark)
VALUES (19, 1, TO_DATE('30/01/2024', 'DD/MM/YYYY'), NULL);

INSERT INTO ENROLLMENT (StudentID, CourseID, EnrollmentDate, FinalMark)
VALUES (7, 7, TO_DATE('29/01/2024', 'DD/MM/YYYY'), NULL);

INSERT INTO ENROLLMENT (StudentID, CourseID, EnrollmentDate, FinalMark)
VALUES (11, 13, TO_DATE('26/09/2023', 'DD/MM/YYYY'), NULL);

INSERT INTO ENROLLMENT (StudentID, CourseID, EnrollmentDate, FinalMark)
VALUES (10, 10, TO_DATE('29/01/2024', 'DD/MM/YYYY'), NULL);

INSERT INTO ENROLLMENT (StudentID, CourseID, EnrollmentDate, FinalMark)
VALUES (16, 7, TO_DATE('02/02/2024', 'DD/MM/YYYY'), NULL);

INSERT INTO ENROLLMENT (StudentID, CourseID, EnrollmentDate, FinalMark)
VALUES (21, 13, TO_DATE('28/09/2023', 'DD/MM/YYYY'), NULL);

INSERT INTO ENROLLMENT (StudentID, CourseID, EnrollmentDate, FinalMark)
VALUES (7, 10, TO_DATE('29/01/2024', 'DD/MM/YYYY'), NULL);

INSERT INTO ENROLLMENT (StudentID, CourseID, EnrollmentDate, FinalMark)
VALUES (21, 7, TO_DATE('29/01/2024', 'DD/MM/YYYY'), NULL);

INSERT INTO ENROLLMENT (StudentID, CourseID, EnrollmentDate, FinalMark)
VALUES (7, 13, TO_DATE('26/09/2023', 'DD/MM/YYYY'), NULL);

INSERT INTO ENROLLMENT (StudentID, CourseID, EnrollmentDate, FinalMark)
VALUES (11, 10, TO_DATE('29/01/2024', 'DD/MM/YYYY'), NULL);

INSERT INTO ENROLLMENT (StudentID, CourseID, EnrollmentDate, FinalMark)
VALUES (10, 7, TO_DATE('29/01/2024', 'DD/MM/YYYY'), NULL);

INSERT INTO ENROLLMENT (StudentID, CourseID, EnrollmentDate, FinalMark)
VALUES (16, 13, TO_DATE('28/09/2023', 'DD/MM/YYYY'), NULL);

INSERT INTO ENROLLMENT (StudentID, CourseID, EnrollmentDate, FinalMark)
VALUES (2, 16, TO_DATE('28/09/2023', 'DD/MM/YYYY'), NULL);

INSERT INTO ENROLLMENT (StudentID, CourseID, EnrollmentDate, FinalMark)
VALUES (35, 13, TO_DATE('29/01/2024', 'DD/MM/YYYY'), NULL);



-- INSERT INTO TEACHER TABLE 

INSERT INTO TEACHER (TeacherID, CIV, FirstName, LastName, Salary, Email, Grade)
VALUES (1, 'Mrs', 'Sajida', 'Laichi', 256000, 'Sajida.laichi@ensia.edu.dz', 'Full Professor');

INSERT INTO TEACHER (TeacherID, CIV, FirstName, LastName, Salary, Email, Grade)
VALUES (2, 'Miss', 'Nesrine', 'Kadouri', 140000, 'Nessrine.kadouri@ensia.edu.dz', 'Associate');

INSERT INTO TEACHER (TeacherID, CIV, FirstName, LastName, Salary, Email, Grade)
VALUES (3, 'Mr', 'Adem', 'Ghezlane', 84000, 'Adem.ghezlane@ensia.edu.dz', 'Assistant');

INSERT INTO TEACHER (TeacherID, CIV, FirstName, LastName, Salary, Email, Grade)
VALUES (4, 'Mrs', 'Douaa', 'Bennour', 149000, 'Douaa.bennour@ensia.edu.dz', 'Associate');

INSERT INTO TEACHER (TeacherID, CIV, FirstName, LastName, Salary, Email, Grade)
VALUES (5, 'Mr', 'Mohamed', 'Ben Ali', 250000, 'Mohamed.benali@ensia.edu.dz', 'Full Professor');

INSERT INTO TEACHER (TeacherID, CIV, FirstName, LastName, Salary, Email, Grade)
VALUES (6, 'Mr', 'Hakim', 'Boutaleb', 157000, 'Hakim.boutaleb@ensia.edu.dz', 'Associate');

INSERT INTO TEACHER (TeacherID, CIV, FirstName, LastName, Salary, Email, Grade)
VALUES (7, 'Miss', 'Anfal', 'Amrane', 131000, 'Anfal.amrane@ensia.edu.dz', 'Associate');

INSERT INTO TEACHER (TeacherID, CIV, FirstName, LastName, Salary, Email, Grade)
VALUES (8, 'Mr', 'Hicham', 'Barkat','','Hicham.barkat@ensia.edu.dz', 'Associate');





-- INSERT INTO COURSE_ASSIGNMENT TABLE 

INSERT INTO COURSE_ASSIGNMENT (CourseID, TeacherID, StartDate, EndDate)
VALUES (1, 1, TO_DATE('30/01/2024', 'DD/MM/YYYY'), TO_DATE('02/02/2024', 'DD/MM/YYYY'));

INSERT INTO COURSE_ASSIGNMENT (CourseID, TeacherID, StartDate, EndDate)
VALUES (2, 3, TO_DATE('24/09/2023', 'DD/MM/YYYY'), TO_DATE('14/01/2024', 'DD/MM/YYYY'));

INSERT INTO COURSE_ASSIGNMENT (CourseID, TeacherID, StartDate, EndDate)
VALUES (3, 4, TO_DATE('25/09/2023', 'DD/MM/YYYY'), TO_DATE('14/01/2024', 'DD/MM/YYYY'));

INSERT INTO COURSE_ASSIGNMENT (CourseID, TeacherID, StartDate, EndDate)
VALUES (4, 2, TO_DATE('25/09/2023', 'DD/MM/YYYY'), TO_DATE('14/01/2024', 'DD/MM/YYYY'));

INSERT INTO COURSE_ASSIGNMENT (CourseID, TeacherID, StartDate, EndDate)
VALUES (5, 4, TO_DATE('26/09/2023', 'DD/MM/YYYY'), TO_DATE('14/01/2024', 'DD/MM/YYYY'));

INSERT INTO COURSE_ASSIGNMENT (CourseID, TeacherID, StartDate, EndDate)
VALUES (6, 7, TO_DATE('24/09/2023', 'DD/MM/YYYY'), TO_DATE('14/01/2024', 'DD/MM/YYYY'));

INSERT INTO COURSE_ASSIGNMENT (CourseID, TeacherID, StartDate, EndDate)
VALUES (7, 7, TO_DATE('29/01/2024', 'DD/MM/YYYY'), TO_DATE('23/05/2024', 'DD/MM/YYYY'));

INSERT INTO COURSE_ASSIGNMENT (CourseID, TeacherID, StartDate, EndDate)
VALUES (8, 5, TO_DATE('26/09/2023', 'DD/MM/YYYY'), TO_DATE('14/01/2024', 'DD/MM/YYYY'));

INSERT INTO COURSE_ASSIGNMENT (CourseID, TeacherID, StartDate, EndDate)
VALUES (9, 3, TO_DATE('24/09/2023', 'DD/MM/YYYY'), TO_DATE('14/01/2024', 'DD/MM/YYYY'));

INSERT INTO COURSE_ASSIGNMENT (CourseID, TeacherID, StartDate, EndDate)
VALUES (10, 4, TO_DATE('29/01/2024', 'DD/MM/YYYY'), TO_DATE('23/05/2024', 'DD/MM/YYYY'));

INSERT INTO COURSE_ASSIGNMENT (CourseID, TeacherID, StartDate, EndDate)
VALUES (11, 2, TO_DATE('25/09/2023', 'DD/MM/YYYY'), TO_DATE('14/01/2024', 'DD/MM/YYYY'));

INSERT INTO COURSE_ASSIGNMENT (CourseID, TeacherID, StartDate, EndDate)
VALUES (12, 6, TO_DATE('29/01/2024', 'DD/MM/YYYY'), TO_DATE('23/05/2024', 'DD/MM/YYYY'));

INSERT INTO COURSE_ASSIGNMENT (CourseID, TeacherID, StartDate, EndDate)
VALUES (13, 1, TO_DATE('25/09/2023', 'DD/MM/YYYY'), TO_DATE('14/01/2024', 'DD/MM/YYYY'));

INSERT INTO COURSE_ASSIGNMENT (CourseID, TeacherID, StartDate, EndDate)
VALUES (14, 6, TO_DATE('28/01/2024', 'DD/MM/YYYY'), TO_DATE('23/05/2024', 'DD/MM/YYYY'));

INSERT INTO COURSE_ASSIGNMENT (CourseID, TeacherID, StartDate, EndDate)
VALUES (15, 2, TO_DATE('28/01/2024', 'DD/MM/YYYY'), TO_DATE('23/05/2024', 'DD/MM/YYYY'));

INSERT INTO COURSE_ASSIGNMENT (CourseID, TeacherID, StartDate, EndDate)
VALUES (1, 23, TO_DATE('28/01/2024', 'DD/MM/YYYY'), TO_DATE('24/06/2024', 'DD/MM/YYYY'));

-- ERROR CANNOT BE INSERTED BECAUSE NO TeacherID WITH VALUE 23 


INSERT INTO COURSE_ASSIGNMENT (CourseID, TeacherID, StartDate, EndDate)
VALUES (19, 2, TO_DATE('24/09/2023', 'DD/MM/YYYY'), TO_DATE('14/01/2024', 'DD/MM/YYYY'));




-- INSERT INTO EXAM TABLE 

INSERT INTO EXAM (ExamID, CourseID, ExamDate, ExamType)
VALUES (1, 1, TO_DATE('25/03/2024', 'DD/MM/YYYY'), 'Quiz');

INSERT INTO EXAM (ExamID, CourseID, ExamDate, ExamType)
VALUES (2, 1, TO_DATE('27/03/2024', 'DD/MM/YYYY'), 'Midterm');

INSERT INTO EXAM (ExamID, CourseID, ExamDate, ExamType)
VALUES (3, 1, TO_DATE('26/04/2024', 'DD/MM/YYYY'), 'Final');

INSERT INTO EXAM (ExamID, CourseID, ExamDate, ExamType)
VALUES (4, 2, TO_DATE('14/10/2023', 'DD/MM/YYYY'), 'Quiz');

INSERT INTO EXAM (ExamID, CourseID, ExamDate, ExamType)
VALUES (5, 2, TO_DATE('15/11/2023', 'DD/MM/YYYY'), 'Midterm');

INSERT INTO EXAM (ExamID, CourseID, ExamDate, ExamType)
VALUES (6, 2, TO_DATE('16/01/2024', 'DD/MM/YYYY'), 'Final');

INSERT INTO EXAM (ExamID, CourseID, ExamDate, ExamType)
VALUES (7, 3, TO_DATE('14/10/2023', 'DD/MM/YYYY'), 'Quiz');

INSERT INTO EXAM (ExamID, CourseID, ExamDate, ExamType)
VALUES (8, 3, TO_DATE('13/11/2023', 'DD/MM/YYYY'), 'Midterm');

INSERT INTO EXAM (ExamID, CourseID, ExamDate, ExamType)
VALUES (9, 3, TO_DATE('16/01/2024', 'DD/MM/YYYY'), 'Final');

INSERT INTO EXAM (ExamID, CourseID, ExamDate, ExamType)
VALUES (10, 4, TO_DATE('14/11/2023', 'DD/MM/YYYY'), 'Midterm');

INSERT INTO EXAM (ExamID, CourseID, ExamDate, ExamType)
VALUES (11, 4, TO_DATE('15/01/2024', 'DD/MM/YYYY'), 'Final');

INSERT INTO EXAM (ExamID, CourseID, ExamDate, ExamType)
VALUES (12, 5, TO_DATE('14/12/2023', 'DD/MM/YYYY'), 'Quiz');

INSERT INTO EXAM (ExamID, CourseID, ExamDate, ExamType)
VALUES (13, 5, TO_DATE('17/11/2023', 'DD/MM/YYYY'), 'Midterm');

INSERT INTO EXAM (ExamID, CourseID, ExamDate, ExamType)
VALUES (14, 5, TO_DATE('17/01/2024', 'DD/MM/YYYY'), 'Final');

INSERT INTO EXAM (ExamID, CourseID, ExamDate, ExamType)
VALUES (15, 6, TO_DATE('12/10/2023', 'DD/MM/YYYY'), 'Midterm');

INSERT INTO EXAM (ExamID, CourseID, ExamDate, ExamType)
VALUES (16, 6, TO_DATE('12/01/2024', 'DD/MM/YYYY'), 'Final');

INSERT INTO EXAM (ExamID, CourseID, ExamDate, ExamType)
VALUES (17, 7, TO_DATE('22/03/2024', 'DD/MM/YYYY'), 'Midterm');

INSERT INTO EXAM (ExamID, CourseID, ExamDate, ExamType)
VALUES (18, 7, TO_DATE('27/04/2024', 'DD/MM/YYYY'), 'Final');

INSERT INTO EXAM (ExamID, CourseID, ExamDate, ExamType)
VALUES (19, 8, TO_DATE('22/11/2023', 'DD/MM/YYYY'), 'Midterm');

INSERT INTO EXAM (ExamID, CourseID, ExamDate, ExamType)
VALUES (20, 8, TO_DATE('17/01/2024', 'DD/MM/YYYY'), 'Final');

INSERT INTO EXAM (ExamID, CourseID, ExamDate, ExamType)
VALUES (21, 9, TO_DATE('19/11/2023', 'DD/MM/YYYY'), 'Midterm');

INSERT INTO EXAM (ExamID, CourseID, ExamDate, ExamType)
VALUES (22, 9, TO_DATE('18/01/2024', 'DD/MM/YYYY'), 'Final');

INSERT INTO EXAM (ExamID, CourseID, ExamDate, ExamType)
VALUES (23, 10, TO_DATE('25/02/2024', 'DD/MM/YYYY'), 'Quiz');

INSERT INTO EXAM (ExamID, CourseID, ExamDate, ExamType)
VALUES (24, 10, TO_DATE('28/03/2024', 'DD/MM/YYYY'), 'Midterm');

INSERT INTO EXAM (ExamID, CourseID, ExamDate, ExamType)
VALUES (25, 10, TO_DATE('29/04/2024', 'DD/MM/YYYY'), 'Final');

INSERT INTO EXAM (ExamID, CourseID, ExamDate, ExamType)
VALUES (26, 11, TO_DATE('13/11/2023', 'DD/MM/YYYY'), 'Midterm');

INSERT INTO EXAM (ExamID, CourseID, ExamDate, ExamType)
VALUES (27, 11, TO_DATE('18/01/2024', 'DD/MM/YYYY'), 'Final');

INSERT INTO EXAM (ExamID, CourseID, ExamDate, ExamType)
VALUES (28, 12, TO_DATE('26/02/2024', 'DD/MM/YYYY'), 'Quiz');

INSERT INTO EXAM (ExamID, CourseID, ExamDate, ExamType)
VALUES (29, 12, TO_DATE('23/03/2024', 'DD/MM/YYYY'), 'Midterm');

INSERT INTO EXAM (ExamID, CourseID, ExamDate, ExamType)
VALUES (30, 12, TO_DATE('22/04/2024', 'DD/MM/YYYY'), 'Final');

INSERT INTO EXAM (ExamID, CourseID, ExamDate, ExamType)
VALUES (31, 13, TO_DATE('10/10/2023', 'DD/MM/YYYY'), 'Midterm');

INSERT INTO EXAM (ExamID, CourseID, ExamDate, ExamType)
VALUES (32, 13, TO_DATE('12/11/2023', 'DD/MM/YYYY'), 'Final');

INSERT INTO EXAM (ExamID, CourseID, ExamDate, ExamType)
VALUES (33, 14, TO_DATE('01/05/2024', 'DD/MM/YYYY'), 'Final');

INSERT INTO EXAM (ExamID, CourseID, ExamDate, ExamType)
VALUES (34, 15, TO_DATE('21/03/2024', 'DD/MM/YYYY'), 'Midterm');

INSERT INTO EXAM (ExamID, CourseID, ExamDate, ExamType)
VALUES (35, 15, TO_DATE('01/05/2024', 'DD/MM/YYYY'), 'Final');


-- INSERT INTO EXAM_RESULT TABLE 

INSERT INTO EXAM_RESULT (ResultID, StudentID, ExamID, Score)
VALUES (1, 1, 1, 14);

INSERT INTO EXAM_RESULT (ResultID, StudentID, ExamID, Score)
VALUES (2, 1, 2, 13.5);

INSERT INTO EXAM_RESULT (ResultID, StudentID, ExamID, Score)
VALUES (3, 1, 3, 15);

INSERT INTO EXAM_RESULT (ResultID, StudentID, ExamID, Score)
VALUES (4, 1, 26, 18);

INSERT INTO EXAM_RESULT (ResultID, StudentID, ExamID, Score)
VALUES (5, 1, 27, 14);

INSERT INTO EXAM_RESULT (ResultID, StudentID, ExamID, Score)
VALUES (6, 1, 34, 16);

INSERT INTO EXAM_RESULT (ResultID, StudentID, ExamID, Score)
VALUES (7, 1, 35, 14);

INSERT INTO EXAM_RESULT (ResultID, StudentID, ExamID, Score)
VALUES (8, 2, 1, 13.5);

INSERT INTO EXAM_RESULT (ResultID, StudentID, ExamID, Score)
VALUES (9, 2, 2, 15);

INSERT INTO EXAM_RESULT (ResultID, StudentID, ExamID, Score)
VALUES (10, 2, 3, 15);

INSERT INTO EXAM_RESULT (ResultID, StudentID, ExamID, Score)
VALUES (11, 2, 26, 18);

INSERT INTO EXAM_RESULT (ResultID, StudentID, ExamID, Score)
VALUES (12, 2, 27, 10);

INSERT INTO EXAM_RESULT (ResultID, StudentID, ExamID, Score)
VALUES (13, 2, 34, 15);

INSERT INTO EXAM_RESULT (ResultID, StudentID, ExamID, Score)
VALUES (14, 2, 35, 18);

INSERT INTO EXAM_RESULT (ResultID, StudentID, ExamID, Score)
VALUES (15, 3, 26, 14);

INSERT INTO EXAM_RESULT (ResultID, StudentID, ExamID, Score)
VALUES (16, 3, 27, 14);

INSERT INTO EXAM_RESULT (ResultID, StudentID, ExamID, Score)
VALUES (17, 3, 12, 13.5);

INSERT INTO EXAM_RESULT (ResultID, StudentID, ExamID, Score)
VALUES (18, 3, 13, 15);

INSERT INTO EXAM_RESULT (ResultID, StudentID, ExamID, Score)
VALUES (19, 3, 14, 9);

INSERT INTO EXAM_RESULT (ResultID, StudentID, ExamID, Score)
VALUES (20, 3, 15, 12.5);

INSERT INTO EXAM_RESULT (ResultID, StudentID, ExamID, Score)
VALUES (21, 3, 16, 10.25);

INSERT INTO EXAM_RESULT (ResultID, StudentID, ExamID, Score)
VALUES (22, 4, 1, 11);

INSERT INTO EXAM_RESULT (ResultID, StudentID, ExamID, Score)
VALUES (23, 4, 2, 8);

INSERT INTO EXAM_RESULT (ResultID, StudentID, ExamID, Score)
VALUES (24, 4, 3, 12.5);

INSERT INTO EXAM_RESULT (ResultID, StudentID, ExamID, Score)
VALUES (25, 4, 7, 13);

INSERT INTO EXAM_RESULT (ResultID, StudentID, ExamID, Score)
VALUES (26, 4, 8, 10);

INSERT INTO EXAM_RESULT (ResultID, StudentID, ExamID, Score)
VALUES (27, 4, 9, 14);

INSERT INTO EXAM_RESULT (ResultID, StudentID, ExamID, Score)
VALUES (28, 5, 1, 15);

INSERT INTO EXAM_RESULT (ResultID, StudentID, ExamID, Score)
VALUES (29, 5, 2, 18);

INSERT INTO EXAM_RESULT (ResultID, StudentID, ExamID, Score)
VALUES (30, 5, 3, 14);

INSERT INTO EXAM_RESULT (ResultID, StudentID, ExamID, Score)
VALUES (31, 5, 28, 12);

INSERT INTO EXAM_RESULT (ResultID, StudentID, ExamID, Score)
VALUES (32, 5, 29, 13);

INSERT INTO EXAM_RESULT (ResultID, StudentID, ExamID, Score)
VALUES (33, 5, 30, 15);

INSERT INTO EXAM_RESULT (ResultID, StudentID, ExamID, Score)
VALUES (34, 6, 7, 13.5);

INSERT INTO EXAM_RESULT (ResultID, StudentID, ExamID, Score)
VALUES (35, 6, 8, 15);

INSERT INTO EXAM_RESULT (ResultID, StudentID, ExamID, Score)
VALUES (36, 6, 33, 9);

INSERT INTO EXAM_RESULT (ResultID, StudentID, ExamID, Score)
VALUES (37, 7, 17, 12.5);

INSERT INTO EXAM_RESULT (ResultID, StudentID, ExamID, Score)
VALUES (38, 7, 18, 10.25);

INSERT INTO EXAM_RESULT (ResultID, StudentID, ExamID, Score)
VALUES (39, 7, 23, 13);

INSERT INTO EXAM_RESULT (ResultID, StudentID, ExamID, Score)
VALUES (40, 7, 24, 10);

INSERT INTO EXAM_RESULT (ResultID, StudentID, ExamID, Score)
VALUES (41, 7, 25, 14);

INSERT INTO EXAM_RESULT (ResultID, StudentID, ExamID, Score)
VALUES (42, 7, 31, 13.5);

INSERT INTO EXAM_RESULT (ResultID, StudentID, ExamID, Score)
VALUES (43, 7, 32, 15);

INSERT INTO EXAM_RESULT (ResultID, StudentID, ExamID, Score)
VALUES (44, 8, 10, 9);

INSERT INTO EXAM_RESULT (ResultID, StudentID, ExamID, Score)
VALUES (45, 8, 11, 12.5);

INSERT INTO EXAM_RESULT (ResultID, StudentID, ExamID, Score)
VALUES (46, 9, 12, 10.25);

INSERT INTO EXAM_RESULT (ResultID, StudentID, ExamID, Score)
VALUES (47, 9, 13, 13.5);

INSERT INTO EXAM_RESULT (ResultID, StudentID, ExamID, Score)
VALUES (48, 9, 14, 15);

INSERT INTO EXAM_RESULT (ResultID, StudentID, ExamID, Score)
VALUES (49, 9, 26, 9);

INSERT INTO EXAM_RESULT (ResultID, StudentID, ExamID, Score)
VALUES (50, 9, 27, 12.5);

INSERT INTO EXAM_RESULT (ResultID, StudentID, ExamID, Score)
VALUES (51, 10, 23, 10.25);

INSERT INTO EXAM_RESULT (ResultID, StudentID, ExamID, Score)
VALUES (52, 10, 24, 14);

INSERT INTO EXAM_RESULT (ResultID, StudentID, ExamID, Score)
VALUES (53, 10, 25, 15);

INSERT INTO EXAM_RESULT (ResultID, StudentID, ExamID, Score)
VALUES (54, 10, 17, 13.5);

INSERT INTO EXAM_RESULT (ResultID, StudentID, ExamID, Score)
VALUES (55, 10, 18, 15);

INSERT INTO EXAM_RESULT (ResultID, StudentID, ExamID, Score)
VALUES (56, 11, 31, 9);

INSERT INTO EXAM_RESULT (ResultID, StudentID, ExamID, Score)
VALUES (57, 11, 32, 12.5);

INSERT INTO EXAM_RESULT (ResultID, StudentID, ExamID, Score)
VALUES (58, 11, 23, 10.25);

INSERT INTO EXAM_RESULT (ResultID, StudentID, ExamID, Score)
VALUES (59, 11, 24, 13);

INSERT INTO EXAM_RESULT (ResultID, StudentID, ExamID, Score)
VALUES (60, 11, 25, 10);

INSERT INTO EXAM_RESULT (ResultID, StudentID, ExamID, Score)
VALUES (61, 12, 33, 14);

INSERT INTO EXAM_RESULT (ResultID, StudentID, ExamID, Score)
VALUES (62, 12, 10, 15);

INSERT INTO EXAM_RESULT (ResultID, StudentID, ExamID, Score)
VALUES (63, 12, 11, 13.5);

INSERT INTO EXAM_RESULT (ResultID, StudentID, ExamID, Score)
VALUES (64, 13, 19, 15);

INSERT INTO EXAM_RESULT (ResultID, StudentID, ExamID, Score)
VALUES (65, 13, 20, 9);

INSERT INTO EXAM_RESULT (ResultID, StudentID, ExamID, Score)
VALUES (66, 13, 28, 12.5);

INSERT INTO EXAM_RESULT (ResultID, StudentID, ExamID, Score)
VALUES (67, 13, 29, 10.25);

INSERT INTO EXAM_RESULT (ResultID, StudentID, ExamID, Score)
VALUES (68, 13, 30, 0);

INSERT INTO EXAM_RESULT (ResultID, StudentID, ExamID, Score)
VALUES (69, 14, 26, 13);

INSERT INTO EXAM_RESULT (ResultID, StudentID, ExamID, Score)
VALUES (70, 14, 27, 10);

INSERT INTO EXAM_RESULT (ResultID, StudentID, ExamID, Score)
VALUES (71, 14, 15, 14);

INSERT INTO EXAM_RESULT (ResultID, StudentID, ExamID, Score)
VALUES (72, 14, 16, 15);

INSERT INTO EXAM_RESULT (ResultID, StudentID, ExamID, Score)
VALUES (73, 15, 19, 13.5);

INSERT INTO EXAM_RESULT (ResultID, StudentID, ExamID, Score)
VALUES (74, 15, 20, 15);

INSERT INTO EXAM_RESULT (ResultID, StudentID, ExamID, Score)
VALUES (75, 15, 21, 9);

INSERT INTO EXAM_RESULT (ResultID, StudentID, ExamID, Score)
VALUES (76, 15, 22, 12.5);

INSERT INTO EXAM_RESULT (ResultID, StudentID, ExamID, Score)
VALUES (77, 16, 17, 10.25);

INSERT INTO EXAM_RESULT (ResultID, StudentID, ExamID, Score)
VALUES (78, 16, 18, 14);

INSERT INTO EXAM_RESULT (ResultID, StudentID, ExamID, Score)
VALUES (79, 17, 15, 15);

INSERT INTO EXAM_RESULT (ResultID, StudentID, ExamID, Score)
VALUES (80, 17, 16, 13.5);

INSERT INTO EXAM_RESULT (ResultID, StudentID, ExamID, Score)
VALUES (81, 17, 34, 15);

INSERT INTO EXAM_RESULT (ResultID, StudentID, ExamID, Score)
VALUES (82, 17, 35, 9);

INSERT INTO EXAM_RESULT (ResultID, StudentID, ExamID, Score)
VALUES (83, 19, 28, 12.5);

INSERT INTO EXAM_RESULT (ResultID, StudentID, ExamID, Score)
VALUES (84, 19, 29, 10.25);

INSERT INTO EXAM_RESULT (ResultID, StudentID, ExamID, Score)
VALUES (85, 19, 1, 14);

INSERT INTO EXAM_RESULT (ResultID, StudentID, ExamID, Score)
VALUES (86, 19, 2, 15);

INSERT INTO EXAM_RESULT (ResultID, StudentID, ExamID, Score)
VALUES (87, 19, 3, 13.5);

INSERT INTO EXAM_RESULT (ResultID, StudentID, ExamID, Score)
VALUES (88, 20, 34, 15);

INSERT INTO EXAM_RESULT (ResultID, StudentID, ExamID, Score)
VALUES (89, 20, 35, 9);

INSERT INTO EXAM_RESULT (ResultID, StudentID, ExamID, Score)
VALUES (90, 20, 4, 12.5);

INSERT INTO EXAM_RESULT (ResultID, StudentID, ExamID, Score)
VALUES (91, 20, 5, 10.25);

INSERT INTO EXAM_RESULT (ResultID, StudentID, ExamID, Score)
VALUES (92, 20, 6, 14);

INSERT INTO EXAM_RESULT (ResultID, StudentID, ExamID, Score)
VALUES (93, 21, 31, 15);

INSERT INTO EXAM_RESULT (ResultID, StudentID, ExamID, Score)
VALUES (94, 21, 32, 10);

INSERT INTO EXAM_RESULT (ResultID, StudentID, ExamID, Score)
VALUES (95, 21, 17, 14);

INSERT INTO EXAM_RESULT (ResultID, StudentID, ExamID, Score)
VALUES (96, 21, 18, 15);

INSERT INTO EXAM_RESULT (ResultID, StudentID, ExamID, Score)
VALUES (97, 23, 4, 13.5);

INSERT INTO EXAM_RESULT (ResultID, StudentID, ExamID, Score)
VALUES (98, 23, 5, 15);

INSERT INTO EXAM_RESULT (ResultID, StudentID, ExamID, Score)
VALUES (99, 23, 6, 9);

INSERT INTO EXAM_RESULT (ResultID, StudentID, ExamID, Score)
VALUES (100, 23, 26, 12.5);

INSERT INTO EXAM_RESULT (ResultID, StudentID, ExamID, Score)
VALUES (101, 23, 27, 10.25);

INSERT INTO EXAM_RESULT (ResultID, StudentID, ExamID, Score)
VALUES (102, 2, 40, 12);

-- ERROR CANNOT BE INSERTED BECAUSE NO ExamID WITH VALUE 40 

INSERT INTO EXAM_RESULT (ResultID, StudentID, ExamID, Score)
VALUES (103, 34, 26, 11);